Mary	James	Smith	Military Street	El Paso	TX	79936
Patricia	John	Johnson	Pineknoll Street	Chicago	IL	60629
Linda	Robert	Williams	East Bow Ridge St.	Norwalk	CA	90650
Barbara	Michael	Brown	Spring St.	Elmhurst	NY	11373
Elizabeth	William	Jones	Cypress Street	Ridgewood	NY	11385
Jennifer	David	Miller	Pumpkin Hill St.	Brooklyn	NY	11226
Maria	Richard	Davis	Winding Way Drive	Brooklyn	NY	11220
Susan	Charles	Garcia	Annadale Street	Houston	TX	77084
Margaret	Joseph	Rodriguez	South Border St.	Pacoima	CA	91331
Dorothy	Thomas	Wilson	Fulton Ave.	Brooklyn	NY	11236
Lisa	Christopher	Martinez	Lake Forest Dr.	Katy	TX	77449
Nancy	Daniel	Anderson	West Lees Creek Avenue	Westminster	CA	92683
Karen	Paul	Taylor	East Linden St.	Atlanta	GA	31139
Betty	Mark	Thomas	Glenridge St.	New York	NY	10002
Helen	Donald	Hernandez	West Lawrence Street	Keller	TX	76248
Sandra	George	Moore	Pleasant Ave.	South Gate	CA	90280
Donna	Kenneth	Martin	S. Rock Maple Ave.	New York	NY	10025
Carol	Steven	Jackson	W. Water Road	Chicago	IL	60618
Ruth	Edward	Thompson	Vine Avenue	Grand Prairie	TX	75052
Sharon	Brian	White	Surrey St.	Staten Island	NY	10314
Michelle	Ronald	Lopez	Smoky Hollow Court	Hawthorne	CA	90250
Laura	Anthony	Lee	Howard Court	San Diego	CA	92154
Sarah	Kevin	Gonzalez	Helen Street	Corona	NY	11368
Kimberly	Jason	Harris	Pulaski Street	Flushing	NY	11355
Deborah	Matthew	Clark	North Rockland Street	Bell Gardens	CA	90201
Jessica	Gary	Lewis	Littleton St.	Santa Ana	CA	92704
Shirley	Timothy	Robinson	Mechanic Dr.	Brooklyn	NY	11234
Cynthia	Jose	Walker	Westminster Court	Chula Vista	CA	91911
Angela	Larry	Perez	Fulton Ave.	Brownsville	TX	78521
Melissa	Jeffrey	Hall	University Court	Sylmar	CA	91342
Brenda	Frank	Young	Elizabeth Dr.	Woodside	NY	11377
Amy	Scott	Allen	Glenlake Dr.	Fontana	CA	92336
Anna	Eric	Sanchez	Ridgewood Court	Long Beach	CA	90805
Rebecca	Stephen	Wright	Wagon Ave.	Fontana	CA	92335
Virginia	Andrew	King	Foxrun Drive	Chicago	IL	60639
Kathleen	Raymond	Scott	E. High Noon Drive	Brooklyn	NY	11208
Pamela	Gregory	Green	Pierce Dr.	Oxnard	CA	93033
Martha	Joshua	Baker	Pearl Ave.	San Francisco	CA	94112
Debra	Jerry	Adams	Saxton Lane	Bronx	NY	10467
Amanda	Dennis	Nelson	Westport Drive	Lawrenceville	GA	30044
Stephanie	Walter	Hill	Harrison Rd.	Chicago	IL	60632
Carolyn	Patrick	Ramirez	East Cemetery Avenue	Watsonville	CA	95076
Christine	Peter	Campbell	Lakeshore Street	La Puente	CA	91744
Marie	Harold	Mitchell	Pilgrim Ave.	Chicago	IL	60634
Janet	Douglas	Roberts	Cooper Ave.	Los Angeles	CA	90011
Catherine	Henry	Carter	Mulberry St.	Saint Peters	MO	63376
Frances	Carl	Phillips	Beech Ave.	Chino Hills	CA	91709
Ann	Arthur	Evans	Mayfair Ave.	Brooklyn	NY	11214
Joyce	Ryan	Turner	Plumb Branch St.	Chicago	IL	60647
Diane	Roger	Torres	W. Manor Station Lane	Sugar Land	TX	77479
Alice	Joe	Parker	Warren Ave.	Virginia Beach	VA	23464
Julie	Juan	Collins	South Brookside Avenue	Mckinney	TX	75070
Heather	Jack	Edwards	Roberts Ave.	Olathe	KS	66062
Teresa	Albert	Stewart	8th Lane	Pittsburg	CA	94565
Doris	Jonathan	Flores	Prairie Street	Lawrenceville	GA	30043
Gloria	Justin	Morris	Glen Creek Circle	Chicago	IL	60617
Evelyn	Terry	Nguyen	East Court Street	Anaheim	CA	92804
Jean	Gerald	Murphy	East Bradford Street	Brooklyn	NY	11207
Cheryl	Keith	Rivera	Illinois Dr.	Riverside	CA	92503
Mildred	Samuel	Cook	Beechwood St.	Chula Vista	CA	91910
Katherine	Willie	Rogers	Cobblestone St.	Waipahu	HI	96797
Joan	Ralph	Morgan	S. Stillwater Ave.	Woodbridge	VA	22193
Ashley	Lawrence	Peterson	County Rd.	Spring	TX	77379
Judith	Nicholas	Cooper	Blackburn St.	Simi Valley	CA	93065
Rose	Roy	Reed	Smoky Hollow Ave.	Cicero	IL	60804
Janice	Benjamin	Bailey	Prince Street	Antioch	TN	37013
Kelly	Bruce	Bell	York St.	Brooklyn	NY	11235
Nicole	Brandon	Gomez	W. Shipley Lane	Atlanta	GA	30339
Judy	Adam	Kelly	Center Dr.	Brooklyn	NY	11229
Christina	Harry	Howard	Ketch Harbour Circle	Bronx	NY	10456
Kathy	Fred	Ward	N. Linda Ave.	Katy	TX	77450
Theresa	Wayne	Cox	Church Ave.	Cypress	TX	77429
Beverly	Billy	Diaz	Tallwood Avenue	El Paso	TX	79912
Denise	Steve	Richardson	Jockey Hollow Street	Bronx	NY	10462
Tammy	Louis	Wood	Fulton Ave.	San Diego	CA	92126
Irene	Jeremy	Watson	S. Garfield Street	Chicago	IL	60623
Jane	Aaron	Brooks	South Jackson Rd.	Bronx	NY	10453
Lori	Randy	Bennett	Glenlake Avenue	Baldwin Park	CA	91706
Rachel	Howard	Gray	River Street	Brooklyn	NY	11211
Marilyn	Eugene	James	Pennsylvania Street	League City	TX	77573
Andrea	Carlos	Reyes	Helen Street	Union City	CA	94587
Kathryn	Russell	Cruz	West San Carlos Street	Dallas	TX	75217
Louise	Bobby	Hughes	Railroad Ave.	Aurora	CO	80013
Sara	Victor	Price	Tallwood Dr.	Huntington Station	NY	11746
Anne	Martin	Myers	Jennings Ave.	Brooklyn	NY	11212
Jacqueline	Ernest	Long	Saxton Street	Frisco	TX	75034
Wanda	Phillip	Foster	W. Essex Street	Chicago	IL	60625
Bonnie	Todd	Sanders	Thompson St.	Brooklyn	NY	11219
Julia	Jesse	Ross	Glen Eagles St.	Parkville	MD	21234
Ruby	Craig	Morales	Lancaster Court	Los Angeles	CA	90044
Lois	Alan	Powell	Illinois Street	Brooklyn	NY	11230
Tina	Shawn	Sullivan	W. Warren Avenue	Forest Hills	NY	11375
Phyllis	Clarence	Russell	Glenlake Street	Bronx	NY	10452
Norma	Sean	Ortiz	Thatcher Dr.	Chicago	IL	60641
Paula	Philip	Jenkins	Williams Street	Charlotte	NC	28269
Diana	Chris	Gutierrez	Kirkland Ave.	Chino	CA	91710
Annie	Johnny	Perry	Green St.	Houston	TX	77095
Lillian	Earl	Butler	Cleveland St.	Hialeah	FL	33012
Emily	Jimmy	Barnes	Mammoth Court	Bronx	NY	10468
Robin	Antonio	Fisher	Olive Drive	Fremont	CA	94536
Peggy	Danny	Henderson	Shirley Dr.	Rialto	CA	92376
Crystal	Bryan	Coleman	Thatcher St.	Brooklyn	NY	11203
Gladys	Tony	Simmons	Mayfield Street	Miami	FL	33186
Rita	Luis	Patterson	Valley View St.	Salt Lake City	UT	84118
Dawn	Mike	Jordan	Bayberry Ave.	Suwanee	GA	30024
Connie	Stanley	Reynolds	Lancaster Street	Hayward	CA	94544
Florence	Leonard	Hamilton	Depot Lane	Toms River	NJ	8753
Tracy	Nathan	Graham	Winding Way Court	Mentor	OH	44060
Edna	Dale	Kim	John Court	Fresno	CA	93722
Tiffany	Manuel	Gonzales	Yukon Court	Brooklyn	NY	11204
Carmen	Rodney	Alexander	Garden Street	Las Vegas	NV	89110
Rosa	Curtis	Ramos	Pheasant St.	Huntington Park	CA	90255
Cindy	Norman	Wallace	Shadow Brook St.	Pearland	TX	77584
Grace	Allen	Griffin	Fifth Court	Chicago	IL	60620
Wendy	Marvin	West	Crescent Ave.	Napa	CA	94558
Victoria	Vincent	Cole	West Poor House Drive	Houston	TX	77083
Edith	Glenn	Hayes	Gates St.	Bellflower	CA	90706
Kim	Jeffery	Chavez	Saxton Street	Milpitas	CA	95035
Sherry	Travis	Gibson	Atlantic Ave.	Beaverton	OR	97007
Sylvia	Jeff	Bryant	Brandywine Court	Reseda	CA	91335
Josephine	Chad	Ellis	Court St.	Nashville	TN	37211
Thelma	Jacob	Stevens	E. Hill Field Dr.	Jackson Heights	NY	11372
Shannon	Lee	Murray	Redwood Street	Chicago	IL	60628
Sheila	Melvin	Ford	Amherst Street	Pflugerville	TX	78660
Ethel	Alfred	Marshall	Hilldale Dr.	Temecula	CA	92592
Ellen	Kyle	Owens	Thompson Ave.	Folsom	CA	95630
Elaine	Francis	Mcdonald	Whitemarsh St.	Medina	OH	44256
Marjorie	Bradley	Harrison	Joy Ridge Ave.	Hamilton	OH	45011
Carrie	Jesus	Ruiz	Howard St.	Laguna Niguel	CA	92677
Charlotte	Herbert	Kennedy	Vermont Street	Marietta	GA	30062
Monica	Frederick	Wells	Forest Street	South San Francisco	CA	94080
Esther	Ray	Alvarez	W. Market Road	Silver Spring	MD	20906
Pauline	Joel	Woods	La Sierra Street	San Francisco	CA	94110
Emma	Edwin	Mendoza	Brook St.	Atlanta	GA	30349
Juanita	Don	Castillo	Newport St.	Riverside	CA	92509
Anita	Eddie	Olson	Addison Drive	Gaithersburg	MD	20878
Rhonda	Ricky	Webb	Foxrun Avenue	Aurora	CO	80015
Hazel	Troy	Washington	La Sierra Drive	Lakewood	NJ	8701
Amber	Randall	Tucker	Rockcrest Ave.	Hollywood	FL	33024
Eva	Barry	Freeman	Franklin Court	Hesperia	CA	92345
Debbie	Alexander	Burns	Mill Pond Street	Waukegan	IL	60085
April	Bernard	Henry	Valley View Street	Cedar Park	TX	78613
Leslie	Mario	Vasquez	Washington Lane	Allen	TX	75002
Clara	Leroy	Snyder	Swanson Ave.	La Habra	CA	90631
Lucille	Francisco	Simpson	Golf Drive	West Palm Beach	FL	33411
Jamie	Marcus	Crawford	Birchpond Dr.	Des Plaines	IL	60016
Joanne	Micheal	Jimenez	East Prairie Street	Yuma	AZ	85364
Eleanor	Theodore	Porter	Bridge Avenue	Crown Point	IN	46307
Valerie	Clifford	Mason	Birchpond Street	Brooklyn	NY	11223
Danielle	Miguel	Shaw	Second Ave.	Dallas	TX	75211
Megan	Oscar	Gordon	Fordham Rd.	Pasadena	MD	21122
Alicia	Jay	Wagner	Overlook Rd.	Brooklyn	NY	11218
Suzanne	Jim	Hunter	Manor Station Lane	Glendale	AZ	85308
Michele	Tom	Romero	North Jefferson St.	Summerville	SC	29483
Gail	Calvin	Hicks	Rosewood Street	Hollywood	FL	33023
Bertha	Alex	Dixon	Railroad Road	Brooklyn	NY	11209
Darlene	Jon	Hunt	Galvin Rd.	Alpharetta	GA	30022
Veronica	Ronnie	Palmer	North Fairground Ave.	Albuquerque	NM	87121
Jill	Bill	Robertson	Clinton Street	Charlotte	NC	28277
Erin	Lloyd	Black	Prospect Ave.	Cupertino	CA	95014
Geraldine	Tommy	Holmes	James Street	Stockbridge	GA	30281
Lauren	Leon	Stone	Southampton Court	Las Vegas	NV	89108
Cathy	Derek	Meyer	La Sierra Road	Passaic	NJ	7055
Joann	Warren	Boyd	E. Euclid St.	Chesapeake	VA	23322
Lorraine	Darrell	Mills	North Shirley St.	Chicago	IL	60657
Lynn	Jerome	Warren	S. Adams Street	Fairfield	CA	94533
Sally	Floyd	Fox	Grant St.	Brooklyn	NY	11215
Regina	Leo	Rose	Theatre St.	Fort Lauderdale	FL	33311
Erica	Alvin	Rice	Riverview Avenue	Clarksville	TN	37042
Beatrice	Tim	Moreno	Edgefield Avenue	Virginia Beach	VA	23454
Dolores	Wesley	Schmidt	Amerige Ave.	Lawrenceville	GA	30045
Bernice	Gordon	Patel	Garden Circle	Staten Island	NY	10312
Audrey	Dean	Ferguson	Applegate Ave.	Chandler	AZ	85225
Yvonne	Greg	Nichols	Cemetery St.	Corona	CA	92882
Annette	Jorge	Herrera	Alton St.	Anaheim	CA	92805
June	Dustin	Medina	College Ave.	Taylor	MI	48180
Samantha	Pedro	Ryan	West Cross Circle	San Jose	CA	95123
Marion	Derrick	Fernandez	Oklahoma Drive	Elyria	OH	44035
Dana	Dan	Weaver	Argyle Ave.	Ballwin	MO	63021
Stacy	Lewis	Daniels	Kingston Dr.	Bristol	CT	6010
Ana	Zachary	Stephens	Snake Hill Street	Bay Shore	NY	11706
Renee	Corey	Gardner	Littleton Drive	Bronx	NY	10463
Ida	Herman	Payne	Charles Street	Beaverton	OR	97006
Vivian	Maurice	Kelley	Old York Road	San Diego	CA	92114
Roberta	Vernon	Dunn	Cherry Street	Brooklyn	NY	11206
Holly	Roberto	Pierce	Peachtree Rd.	Lake Forest	CA	92630
Brittany	Clyde	Arnold	Beaver Ridge Lane	Mansfield	TX	76063
Melanie	Glen	Tran	Bear Hill Rd.	Sacramento	CA	95823
Loretta	Hector	Spencer	Delaware Street	Bronx	NY	10458
Yolanda	Shane	Peters	Beaver Ridge Court	Brooklyn	NY	11221
Jeanette	Ricardo	Hawkins	Broad Street	Miami	FL	33157
Laurie	Sam	Grant	Wakehurst Rd.	Virginia Beach	VA	23452
Katie	Rick	Hansen	Trout Dr.	Bayonne	NJ	7002
Kristen	Lester	Castro	East Temple St.	Salinas	CA	93905
Vanessa	Brent	Hoffman	Willow St.	Pomona	CA	91766
Alma	Ramon	Hart	Cross Rd.	Grove City	OH	43123
Sue	Charlie	Elliott	East Applegate St.	Hendersonville	TN	37075
Elsie	Tyler	Cunningham	Glenlake Street	Daly City	CA	94015
Beth	Gilbert	Knight	Lexington Dr.	Duluth	GA	30096
Jeanne	Gene	Bradley	North Aspen Drive	Mount Prospect	IL	60056
Vicki	Marc	Carroll	West Southampton Street	Phoenix	AZ	85032
Carla	Reginald	Hudson	Pearl Lane	Missouri City	TX	77459
Tara	Ruben	Duncan	Del Monte St.	Virginia Beach	VA	23462
Rosemary	Brett	Armstrong	E. Somerset Drive	Redmond	WA	98052
Eileen	Angel	Berry	Courtland Drive	Greensburg	PA	15601
Terri	Nathaniel	Andrews	Columbia Street	Berwyn	IL	60402
Gertrude	Rafael	Johnston	Bradford Lane	Rosemead	CA	91770
Lucy	Leslie	Ray	Oak Dr.	Bakersfield	CA	93307
Tonya	Edgar	Lane	Golf St.	Fremont	CA	94538
Ella	Milton	Riley	SW. Thatcher Street	Lancaster	PA	17603
Stacey	Raul	Carpenter	South Iroquois St.	Massapequa	NY	11758
Wilma	Ben	Perkins	Edgewater Street	Pasco	WA	99301
Gina	Chester	Aguilar	Bridle Ave.	North Las Vegas	NV	89031
Kristin	Cecil	Silva	West Oxford Drive	Longmont	CO	80501
Jessie	Duane	Richards	Charles St.	Katy	TX	77494
Natalie	Franklin	Willis	Brown Street	North Richland Hills	TX	76180
Agnes	Andre	Matthews	Sage Dr.	Bronx	NY	10457
Vera	Elmer	Chapman	Bayberry Drive	Round Lake	IL	60073
Willie	Brad	Lawrence	Sycamore Rd.	Santa Ana	CA	92703
Charlene	Gabriel	Garza	Lakewood Dr.	Hialeah	FL	33015
Bessie	Ron	Vargas	Theatre Street	Pico Rivera	CA	90660
Delores	Mitchell	Watkins	Glendale St.	Loganville	GA	30052
Melinda	Roland	Wheeler	S. Canal St.	Santa Ana	CA	92707
Pearl	Arnold	Larson	Walt Whitman Lane	Chicago	IL	60619
Arlene	Harvey	Carlson	Wakehurst Ave.	New York	NY	10029
Maureen	Jared	Harper	Buckingham Ave.	Alameda	CA	94501
Colleen	Adrian	George	State Dr.	Lilburn	GA	30047
Allison	Karl	Greene	Court Ave.	Germantown	MD	20874
Tamara	Cory	Burke	Young Street	Powder Springs	GA	30127
Joy	Claude	Guzman	La Sierra Dr.	Burleson	TX	76028
Georgia	Erik	Morrison	Rockcrest Street	Mission	TX	78572
Constance	Darryl	Munoz	Mammoth Ave.	Chicago	IL	60608
Lillie	Jamie	Jacobs	Linda Court	Ewa Beach	HI	96706
Claudia	Neil	Obrien	Arrowhead St.	Elk Grove	CA	95758
Jackie	Jessie	Lawson	Bedford Lane	Lancaster	CA	93536
Marcia	Christian	Franklin	Squaw Creek Street	Douglasville	GA	30135
Tanya	Javier	Lynch	Center St.	Moreno Valley	CA	92553
Nellie	Fernando	Bishop	Howard Street	Oak Lawn	IL	60453
Minnie	Clinton	Carr	Wood Street	Rancho Cucamonga	CA	91730
Marlene	Ted	Salazar	Euclid St.	Palmdale	CA	93550
Heidi	Mathew	Austin	Kent Lane	Brentwood	NY	11717
Glenda	Tyrone	Mendez	Manhattan Drive	Elk Grove	CA	95624
Lydia	Darren	Gilbert	Lyme St.	New York	NY	10023
Viola	Lonnie	Jensen	Nichols St.	Saint Louis	MO	63129
Courtney	Lance	Williamson	Newport St.	Fresno	CA	93727
Marian	Cody	Montgomery	North Arch Court	El Cajon	CA	92021
Stella	Julio	Harvey	Foxrun Street	Lynwood	CA	90262
Caroline	Kelly	Oliver	Blackburn Circle	Union City	NJ	7087
Dora	Kurt	Howell	Wellington Ave.	Chicago	IL	60651
Jo	Allan	Dean	Saxon Street	Jacksonville	FL	32210
Vickie	Nelson	Hanson	Crescent Lane	Lansdale	PA	19446
Mattie	Guy	Weber	West Ashley Rd.	Westerville	OH	43081
Terry	Clayton	Garrett	West Proctor Street	Bronx	NY	10466
Maxine	Hugh	Sims	Walnut Lane	Hilliard	OH	43026
Irma	Max	Burton	Clinton Rd.	New York	NY	10128
Mabel	Dwayne	Fuller	North Wilson Ave.	Bronx	NY	10469
Marsha	Dwight	Soto	Summerhouse Dr.	Portland	OR	97229
Myrtle	Armando	Mccoy	Proctor St.	Philadelphia	PA	19120
Lena	Felix	Welch	Pin Oak St.	Las Vegas	NV	89121
Christy	Jimmie	Chen	Arrowhead Court	Garland	TX	75040
Deanna	Everett	Schultz	Rockledge Rd.	Jackson	NJ	8527
Patsy	Jordan	Walters	Nut Swamp Lane	New Braunfels	TX	78130
Hilda	Ian	Reid	Heather Lane	Huntington Beach	CA	92646
Gwendolyn	Wallace	Fields	Highland Street	Parker	CO	80134
Jennie	Ken	Walsh	Pendergast Avenue	New Castle	DE	19720
Nora	Bob	Little	Manhattan Court	Newark	OH	43055
Margie	Jaime	Fowler	King Ave.	Bensalem	PA	19020
Nina	Casey	Bowman	San Juan St.	New York	NY	10024
Cassandra	Alfredo	Davidson	Lower River St.	Yukon	OK	73099
Leah	Alberto	May	Hill Street	Chicago	IL	60614
Penny	Dave	Day	Orchard Street	Stamford	CT	6902
Kay	Ivan	Schneider	Glenholme St.	Port Saint Lucie	FL	34953
Priscilla	Johnnie	Newman	Ocean Rd.	Malden	MA	2148
Naomi	Sidney	Brewer	Academy Ave.	Clearfield	UT	84015
Carole	Byron	Lucas	Bowman Dr.	Morrisville	PA	19067
Brandy	Julian	Holland	Gulf Street	Broken Arrow	OK	74012
Olga	Isaac	Wong	Helen Lane	Porterville	CA	93257
Billie	Morris	Banks	Edgewood Road	Philadelphia	PA	19111
Dianne	Clifton	Santos	Wellington Drive	Painesville	OH	44077
Tracey	Willard	Curtis	Trenton St.	Los Angeles	CA	90026
Leona	Daryl	Pearson	Newport Road	Fountain Valley	CA	92708
Jenny	Ross	Delgado	53rd St.	Wayne	NJ	7470
Felicia	Virgil	Valdez	Squaw Creek St.	Calexico	CA	92231
Sonia	Andy	Pena	N. Addison St.	San Francisco	CA	94122
Miriam	Marshall	Rios	W. Henry Lane	Arlington Heights	IL	60004
Velma	Salvador	Douglas	53rd Dr.	Dallas	TX	75228
Becky	Perry	Sandoval	Beech Ave.	Chicago	IL	60640
Bobbie	Kirk	Barrett	Lakewood Drive	Mililani	HI	96789
Violet	Sergio	Hopkins	Lancaster Ave.	San Jose	CA	95127
Kristina	Marion	Keller	Academy Drive	Raleigh	NC	27610
Toni	Tracy	Guerrero	N. Nichols Rd.	Lewisville	TX	75067
Misty	Seth	Stanley	N. Lyme Drive	Montebello	CA	90640
Mae	Kent	Bates	Pheasant Dr.	Jersey City	NJ	7305
Shelly	Terrance	Alvarado	Middle River Rd.	Kaneohe	HI	96744
Daisy	Rene	Beck	Indian Summer St.	Buffalo	NY	14221
Ramona	Eduardo	Ortega	Roberts St.	Chicago	IL	60638
Sherri	Terrence	Wade	Elm Street	Lancaster	OH	43130
Erika	Enrique	Estrada	Pineknoll Ave.	Albuquerque	NM	87111
Katrina	Freddie	Contreras	San Pablo Street	Sunnyvale	CA	94087
Claire	Wade	Barnett	S. Theatre Road	Freehold	NJ	7728
Lindsey	Austin	Caldwell	Glen Creek Drive	Albuquerque	NM	87114
Lindsay	Stuart	Santiago	San Juan St.	Tulare	CA	93274
Geneva	Fredrick	Lambert	Jefferson St.	Pharr	TX	78577
Guadalupe	Arturo	Powers	King Dr.	Los Angeles	CA	90022
Belinda	Alejandro	Chambers	Orchard Drive	Jacksonville	FL	32244
Margarita	Jackie	Nunez	Chapel Dr.	Brooklyn	NY	11210
Sheryl	Joey	Craig	Myers Street	Loveland	OH	45140
Cora	Nick	Leonard	Indian Summer Rd.	Marietta	GA	30066
Faye	Luther	Lowe	Brown Rd.	Carson	CA	90745
Ada	Wendell	Rhodes	Roberts St.	Washington	DC	20011
Natasha	Jeremiah	Byrd	Marsh Rd.	Murrieta	CA	92562
Sabrina	Evan	Gregory	Virginia Court	Vacaville	CA	95687
Isabel	Julius	Shelton	West West St.	Jacksonville	FL	32225
Marguerite	Dana	Frazier	Mill Lane	El Paso	TX	79924
Hattie	Donnie	Becker	Lake View Court	Lancaster	CA	93535
Harriet	Otis	Maldonado	Mammoth Drive	Oxnard	CA	93030
Molly	Shannon	Fleming	Grandrose Avenue	Annandale	VA	22003
Cecilia	Trevor	Vega	West Riverside Drive	Union	NJ	7083
Kristi	Oliver	Sutton	Ashley Drive	Staten Island	NY	10306
Brandi	Luke	Cohen	East Bridle St.	New York	NY	10032
Blanche	Homer	Jennings	Primrose Drive	Anaheim	CA	92801
Sandy	Gerard	Parks	High Ave.	Fredericksburg	VA	22407
Rosie	Doug	Mcdaniel	Thomas St.	Antioch	CA	94509
Joanna	Kenny	Watts	Trenton Circle	Garland	TX	75043
Iris	Hubert	Barker	Old Shub Farm Drive	Lombard	IL	60148
Eunice	Angelo	Norris	E. Chapel Avenue	New York	NY	10033
Angie	Shaun	Vaughn	Bear Hill Street	Carrollton	TX	75007
Inez	Lyle	Vazquez	Ramblewood Dr.	North Bergen	NJ	7047
Lynda	Matt	Holt	Pilgrim Street	Alpharetta	GA	30004
Madeline	Lynn	Schwartz	Sugar Rd.	Carmichael	CA	95608
Amelia	Alfonso	Steele	Addison Ave.	Woodbridge	VA	22192
Alberta	Orlando	Benson	Philmont Court	San Diego	CA	92105
Genevieve	Rex	Neal	Cross Street	Hollywood	FL	33027
Monique	Carlton	Dominguez	S. Trusel Ave.	Bend	OR	97701
Jodi	Ernesto	Horton	Wild Rose Street	Simi Valley	CA	93063
Janie	Cameron	Terry	Grant Dr.	Santa Clara	CA	95051
Maggie	Neal	Wolfe	Beach St.	Webster	NY	14580
Kayla	Pablo	Hale	Border St.	Brentwood	TN	37027
Sonya	Lorenzo	Lyons	Golden Star Street	Hollywood	FL	33025
Jan	Omar	Graves	Westminster Ave.	Bothell	WA	98012
Lee	Wilbur	Haynes	Catherine St.	Hanover	PA	17331
Kristine	Blake	Miles	N. Sierra Ave.	Ashburn	VA	20147
Candace	Grant	Park	Durham Ave.	Panorama City	CA	91402
Fannie	Horace	Warner	Foxrun Dr.	Cumming	GA	30040
Maryann	Roderick	Padilla	Berkshire Street	Hanford	CA	93230
Opal	Kerry	Bush	Old Trout Drive	San Antonio	TX	78250
Alison	Abraham	Thornton	Pleasant Ave.	Chicago	IL	60630
Yvette	Willis	Mccarthy	E. West Drive	Costa Mesa	CA	92627
Melody	Rickey	Mann	Cherry St.	Huntington Beach	CA	92647
Luz	Jean	Zimmerman	Clinton Dr.	Hacienda Heights	CA	91745
Susie	Ira	Erickson	Vine Rd.	Stockton	CA	95206
Olivia	Andres	Fletcher	South Birchpond St.	Macomb	MI	48044
Flora	Cesar	Mckinney	Valley Drive	Ann Arbor	MI	48103
Shelley	Johnathan	Page	N. Colonial St.	Silver Spring	MD	20904
Kristy	Malcolm	Dawson	South Mechanic St.	Aurora	IL	60505
Mamie	Rudolph	Joseph	Selby St.	Concord	NC	28027
Lula	Damon	Marquez	Rose Lane	Virginia Beach	VA	23456
Lola	Kelvin	Reeves	West Cross St.	Saint Paul	MN	55124
Verna	Rudy	Klein	Jones Ave.	Albuquerque	NM	87120
Beulah	Preston	Espinoza	N. St Louis Dr.	Roswell	GA	30075
Antoinette	Alton	Baldwin	Center Drive	Acworth	GA	30101
Candice	Archie	Moran	Carpenter Court	Medford	MA	2155
Juana	Marco	Love	Harvey Street	Lancaster	PA	17601
Jeannette	Wm	Robbins	Greystone Avenue	Honolulu	HI	96817
Pam	Pete	Higgins	Rock Creek St.	Columbus	GA	31907
Kelli	Randolph	Ball	10th Rd.	Miami	FL	33175
Hannah	Garry	Cortez	Bay Meadows St.	Woodbridge	VA	22191
Whitney	Geoffrey	Le	Proctor Court	Hagerstown	MD	21740
Bridget	Jonathon	Griffith	38	Bolingbrook	IL	60440
Karla	Felipe	Bowen	Saxon St.	Potomac	MD	20854
Celia	Bennie	Sharp	Pin Oak Dr.	Mesquite	TX	75150
Latoya	Gerardo	Cummings	Griffin Ave.	Columbus	OH	43230
Patty	Ed	Ramsey	South Cardinal Drive	Ontario	CA	91761
Shelia	Dominic	Hardy	Del Monte Drive	Fremont	CA	94539
Gayle	Robin	Swanson	Johnson Ave.	Hayward	CA	94541
Della	Loren	Barber	Somerset Lane	Jamaica	NY	11434
Vicky	Delbert	Acosta	Rockville St.	Miami	FL	33165
Lynne	Colin	Luna	South Peachtree Street	Findlay	OH	45840
Sheri	Guillermo	Chandler	Young St.	Plymouth	MA	2360
Marianne	Earnest	Daniel	Poplar St.	Plano	TX	75025
Kara	Lucas	Blair	Foster St.	Cleveland	OH	44130
Jacquelyn	Benny	Cross	Stonybrook Avenue	Spring Valley	CA	91977
Erma	Noel	Simon	Hudson St.	Cerritos	CA	90703
Blanca	Spencer	Dennis	Livingston Lane	Dundalk	MD	21222
Myra	Rodolfo	Oconnor	Prairie Street	Brownsville	TX	78520
Leticia	Myron	Quinn	Pumpkin Hill Street	Mason	OH	45040
Pat	Edmund	Gross	Mayflower St.	Rock Hill	SC	29732
Krista	Garrett	Navarro	Piper Dr.	Olathe	KS	66061
Roxanne	Salvatore	Moss	Newbridge Drive	Brockton	MA	2301
Angelica	Cedric	Fitzgerald	Heritage Rd.	Philadelphia	PA	19124
Johnnie	Lowell	Doyle	Bald Hill Dr.	Denver	CO	80219
Robyn	Gregg	Mclaughlin	Plumb Branch St.	Los Angeles	CA	90042
Francis	Sherman	Rojas	Philmont Drive	Greensboro	NC	27410
Adrienne	Wilson	Rodgers	W. Park St.	San Diego	CA	92129
Rosalie	Devin	Stevenson	Westport St.	Humble	TX	77346
Alexandra	Sylvester	Singh	University Circle	Oceanside	CA	92057
Brooke	Kim	Yang	Glendale Circle	Orlando	FL	32828
Bethany	Roosevelt	Figueroa	Walnutwood Street	Bronx	NY	10472
Sadie	Israel	Harmon	Marvon St.	Bakersfield	CA	93306
Bernadette	Jermaine	Newton	Proctor Drive	Los Angeles	CA	90019
Traci	Forrest	Paul	West Cross Avenue	Wellington	FL	33414
Jody	Wilbert	Manning	Euclid Lane	Ypsilanti	MI	48197
Kendra	Leland	Garner	John Dr.	Yonkers	NY	10701
Jasmine	Simon	Mcgee	Saxton St.	Woodstock	GA	30188
Nichole	Guadalupe	Reese	E. Gainsway St.	Rochester	MN	55901
Rachael	Clark	Francis	Harrison Street	Saint Louis	MO	63123
Chelsea	Irving	Burgess	Rocky River St.	West Chester	OH	45069
Mable	Carroll	Adkins	Pawnee St.	Peabody	MA	1960
Ernestine	Bryant	Goodman	Marvon Court	Marrero	LA	70072
Muriel	Owen	Curry	Eagle Rd.	Fort Worth	TX	76137
Marcella	Rufus	Brady	Brookside St.	El Monte	CA	91732
Elena	Woodrow	Christensen	Gonzales Ave.	San Jose	CA	95111
Krystal	Sammy	Potter	Green Hill Ave.	Augusta	GA	30906
Angelina	Kristopher	Walton	E. Brickell St.	Chicago Heights	IL	60411
Nadine	Mack	Goodwin	West Iroquois Dr.	San Antonio	TX	78228
Kari	Levi	Mullins	Airport St.	Piscataway	NJ	8854
Estelle	Marcos	Molina	Van Dyke Avenue	Cumming	GA	30041
Dianna	Gustavo	Webster	South Lafayette Street	El Paso	TX	79907
Paulette	Jake	Fischer	Ashley Rd.	Las Vegas	NV	89117
Lora	Lionel	Campos	Riverside Ave.	San Antonio	TX	78245
Mona	Marty	Avila	Grant Ave.	Bakersfield	CA	93312
Doreen	Taylor	Sherman	Piper Road	Crystal Lake	IL	60014
Rosemarie	Ellis	Todd	East Beechwood Dr.	Milwaukee	WI	53215
Angel	Dallas	Chang	Somerset Street	Goose Creek	SC	29445
Desiree	Gilberto	Blake	Beacon Dr.	Hamilton	OH	45013
Antonia	Clint	Malone	Old Acacia Drive	San Pablo	CA	94806
Hope	Nicolas	Wolf	Winding Way St.	West Chester	PA	19380
Ginger	Laurence	Hodges	Atlantic Street	Quincy	MA	2169
Janis	Ismael	Juarez	Sierra Street	Los Angeles	CA	90066
Betsy	Orville	Gill	North Bayport St.	Owings Mills	MD	21117
Christie	Drew	Farmer	Fairway Court	Oviedo	FL	32765
Freda	Jody	Hines	N. King Lane	Reynoldsburg	OH	43068
Mercedes	Ervin	Gallagher	W. Tallwood Lane	Ogden	UT	84404
Meredith	Dewey	Duran	Myers Lane	Tampa	FL	33647
Lynette	Al	Hubbard	West Roosevelt Ave.	Brooklyn	NY	11225
Teri	Wilfred	Cannon	Longfellow Lane	Columbia	TN	38401
Cristina	Josh	Miranda	West Rose Street	Somerset	NJ	8873
Eula	Hugo	Wang	East Beach St.	Laredo	TX	78046
Leigh	Ignacio	Saunders	North Tanglewood St.	East Brunswick	NJ	8816
Meghan	Caleb	Tate	Winding Way Rd.	Oceanside	CA	92056
Sophia	Tomas	Mack	Windfall St.	Chesapeake	VA	23320
Eloise	Sheldon	Hammond	Gulf Road	Bronx	NY	10473
Rochelle	Erick	Carrillo	South Ivy Court	Fort Lauderdale	FL	33313
Gretchen	Frankie	Townsend	River Dr.	Santee	CA	92071
Cecelia	Stewart	Wise	Wilson Street	Philadelphia	PA	19143
Raquel	Doyle	Ingram	Wintergreen Lane	Vallejo	CA	94591
Henrietta	Darrel	Barton	Manor Station St.	New York	NY	10009
Alyssa	Rogelio	Mejia	N. Oak Valley St.	Round Rock	TX	78664
Jana	Terence	Ayala	Meadowbrook Drive	Brentwood	CA	94513
Kelley	Santiago	Schroeder	Harvey St.	Modesto	CA	95355
Gwen	Alonzo	Hampton	Delaware St.	Ontario	CA	91762
Kerry	Elias	Rowe	N. Vine Street	Indianapolis	IN	46227
Jenna	Bert	Parsons	North Rosewood Circle	Laredo	TX	78045
Tricia	Elbert	Frank	Windfall Ave.	West New York	NJ	7093
Laverne	Ramiro	Waters	Littleton Drive	New York	NY	10021
Olive	Conrad	Strickland	East Tailwater Avenue	Brooklyn	NY	11213
Alexis	Pat	Osborne	Meadowbrook Street	Los Angeles	CA	90034
Tasha	Noah	Maxwell	Birch Hill Road	West Haven	CT	6516
Silvia	Grady	Chan	St Margarets St.	Austin	TX	78745
Elvira	Phil	Deleon	Colonial Court	Fayetteville	NC	28314
Casey	Cornelius	Norman	Saxton St.	Spring	TX	77373
Delia	Lamar	Harrington	Trenton Avenue	Tucson	AZ	85706
Sophie	Rolando	Casey	Brandywine Ave.	Tustin	CA	92780
Kate	Clay	Patton	Shadow Brook Court	Canton	MI	48187
Patti	Percy	Logan	Berkshire Court	Huntersville	NC	28078
Lorena	Dexter	Bowers	Cooper Street	Salina	KS	67401
Kellie	Bradford	Mueller	West Garfield Ave.	Vancouver	WA	98682
Sonja	Merle	Glover	Lees Creek St.	Columbia	MO	65203
Lila	Darin	Floyd	Woodland St.	Mesa	AZ	85204
Lana	Amos	Hartman	West Jefferson St.	Corona	CA	92880
Darla	Terrell	Buchanan	Hill Field Lane	Glen Burnie	MD	21061
May	Moses	Cobb	Halifax Street	Orlando	FL	32825
Mindy	Irvin	French	Cactus Road	Jacksonville	FL	32218
Essie	Saul	Kramer	Purple Finch Dr.	Mesquite	TX	75149
Mandy	Roman	Mccormick	North Street	Downingtown	PA	19335
Lorene	Darnell	Clarke	West Sherwood St.	Dayton	OH	45424
Elsa	Randal	Tyler	Walnutwood Dr.	Chicago	IL	60622
Josefina	Tommie	Gibbs	Manor Road	Zanesville	OH	43701
Jeannie	Timmy	Moody	Orchard Road	Azusa	CA	91702
Miranda	Darrin	Conner	Honey Creek Street	Collierville	TN	38017
Dixie	Winston	Sparks	Lake Forest Ave.	Everett	WA	98208
Lucia	Brendan	Mcguire	Primrose Lane	Las Vegas	NV	89123
Marta	Toby	Leon	Wild Rose Dr.	Greeley	CO	80634
Faith	Van	Bauer	Paris Hill Lane	Kernersville	NC	27284
Lela	Abel	Norton	W. Hartford St.	Salinas	CA	93906
Johanna	Dominick	Pope	Hillcrest Street	Jamaica	NY	11432
Shari	Boyd	Flynn	53rd Lane	Elgin	IL	60120
Camille	Courtney	Hogan	Fremont Court	Gilroy	CA	95020
Tami	Jan	Robles	Smith St.	Wake Forest	NC	27587
Shawna	Emilio	Salinas	Atlantic Rd.	San Jose	CA	95122
Elisa	Elijah	Yates	West Jennings Lane	Miami	FL	33177
Ebony	Cary	Lindsey	Tarkiln Hill St.	Los Angeles	CA	90003
Melba	Domingo	Lloyd	Mechanic St.	Irvington	NJ	7111
Ora	Santos	Marsh	Albany Lane	Placentia	CA	92870
Nettie	Aubrey	Mcbride	Willow Lane	Oklahoma City	OK	73160
Tabitha	Emmett	Owen	Trenton Dr.	Perth Amboy	NJ	8861
Ollie	Marlon	Solis	Argyle St.	Chicago	IL	60609
Jaime	Emanuel	Pham	Hickory Street	Orlando	FL	32837
Winifred	Jerald	Lang	Myrtle Road	Sicklerville	NJ	8081
Kristie	Edmond	Pratt	Green Lake Lane	Lockport	NY	14094
Marina	Emil	Lara	Locust Street	Clermont	FL	34711
Alisha	Dewayne	Brock	Court Road	Lake Worth	FL	33467
Aimee	Will	Ballard	Carson Avenue	Brooklyn	NY	11233
Rena	Otto	Trujillo	Prospect St.	Los Angeles	CA	90004
Myrna	Teddy	Shaffer	Vine Court	Granada Hills	CA	91344
Marla	Reynaldo	Drake	E. Joy Ridge Ave.	Murrieta	CA	92563
Tammie	Bret	Roman	Columbia Lane	Birmingham	AL	35242
Latasha	Morgan	Aguirre	Kent Avenue	Roseville	CA	95747
Bonita	Jess	Morton	Roberts Street	Fort Washington	MD	20744
Patrice	Trent	Stokes	Trenton Avenue	Broomfield	CO	80020
Ronda	Humberto	Lamb	N. Swanson St.	Newburgh	NY	12550
Sherrie	Emmanuel	Pacheco	Marshall Rd.	Newnan	GA	30263
Addie	Stephan	Patrick	Manor Station Lane	Diamond Bar	CA	91765
Francine	Louie	Cochran	School Lane	Newark	DE	19702
Deloris	Vicente	Shepherd	Fieldstone St.	West Chester	PA	19382
Stacie	Lamont	Cain	Ivy St.	Aurora	IL	60506
Adriana	Stacy	Burnett	Briarwood Ave.	Oregon City	OR	97045
Cheri	Garland	Hess	S. Linden Lane	Honolulu	HI	96816
Shelby	Miles	Li	Marshall Dr.	Alhambra	CA	91801
Abigail	Micah	Cervantes	Taylor St.	Tucson	AZ	85710
Celeste	Efrain	Olsen	Armstrong St.	Chillicothe	OH	45601
Jewel	Billie	Briggs	Front Ave.	North Hills	CA	91343
Cara	Logan	Ochoa	Glenholme Road	O Fallon	MO	63366
Adele	Heath	Cabrera	Walnutwood Dr.	Stafford	VA	22554
Rebekah	Rodger	Velasquez	Cleveland Lane	Brandon	FL	33511
Lucinda	Harley	Montoya	West Fairfield Rd.	National City	CA	91950
Dorthy	Demetrius	Roth	Holly Street	Cypress	CA	90630
Chris	Ethan	Meyers	Grant St.	Charlotte	NC	28215
Effie	Eldon	Cardenas	South Vermont Street	Monroe Township	NJ	8831
Trina	Rocky	Fuentes	Bald Hill Street	San Antonio	TX	78247
Reba	Pierre	Weiss	Westminster St.	Hampton	VA	23666
Shawn	Junior	Wilkins	Carpenter Ave.	Miami	FL	33176
Sallie	Freddy	Hoover	Indian Summer Rd.	Plano	TX	75093
Aurora	Eli	Nicholson	Spring Street	Lakeville	MN	55044
Lenora	Bryce	Underwood	NW. Whitemarsh Ave.	Grand Blanc	MI	48439
Etta	Antoine	Short	W. Bishop Street	San Jose	CA	95125
Lottie	Robbie	Carson	Heritage Court	Greenwood	IN	46143
Kerri	Kendall	Morrow	Rose Street	Irwin	PA	15642
Trisha	Royce	Colon	Broad Road	Indio	CA	92201
Nikki	Sterling	Holloway	Summer Ave.	Coatesville	PA	19320
Estella	Mickey	Summers	South Wellington Avenue	Highland	CA	92346
Francisca	Chase	Bryan	Littleton Ave.	Mission Viejo	CA	92692
Josie	Grover	Petersen	South 6th Avenue	Marlton	NJ	8053
Tracie	Elton	Mckenzie	Tarkiln Hill Drive	Bakersfield	CA	93309
Marissa	Cleveland	Serrano	E. Grandrose Drive	New York	NY	10031
Karin	Dylan	Wilcox	Holly Street	San Diego	CA	92117
Brittney	Chuck	Carey	San Carlos Street	Orlando	FL	32822
Janelle	Damian	Clayton	Shadow Brook St.	Methuen	MA	1844
Lourdes	Reuben	Poole	Iroquois Drive	Sacramento	CA	95828
Laurel	Stan	Calderon	Essex St.	Greensboro	NC	27406
Helene	August	Gallegos	Lake View Road	Rio Rancho	NM	87124
Fern	Leonardo	Greer	Sheffield St.	Colton	CA	92324
Elva	Jasper	Rivas	Old Cedar Swamp St.	Encinitas	CA	92024
Corinne	Russel	Guerra	St Paul Drive	Lake Worth	FL	33463
Kelsey	Erwin	Decker	Gates St.	Mcallen	TX	78501
Ina	Benito	Collier	Shirley Ave.	Flushing	NY	11354
Bettie	Hans	Wall	Beacon Road	New York	NY	10016
Elisabeth	Monte	Whitaker	Ivy St.	Rancho Cordova	CA	95670
Aida	Blaine	Bass	Jones St.	Peoria	AZ	85345
Caitlin	Ernie	Flowers	Lake St.	San Diego	CA	92130
Ingrid	Curt	Davenport	N. Saxton St.	Fairfax	VA	22030
Iva	Quentin	Conley	Princess St.	Augusta	GA	30907
Eugenia	Agustin	Houston	Oak Street	Barrington	IL	60010
Christa	Murray	Huff	Summerhouse Street	Dallas	TX	75243
Goldie	Jamal	Copeland	Leatherwood Ave.	Herndon	VA	20171
Cassie	Devon	Hood	Old Ridgeview Lane	Warner Robins	GA	31088
Maude	Adolfo	Monroe	North Cherry Hill Street	San Pedro	CA	90731
Jenifer	Harrison	Massey	Young Drive	Round Rock	TX	78681
Therese	Tyson	Roberson	5	San Diego	CA	92128
Frankie	Burton	Combs	West Golf Ave.	Andover	MN	55304
Dena	Brady	Franco	New Drive	Houston	TX	77077
Lorna	Elliott	Larsen	SE. Indian Summer Ave.	Mission Viejo	CA	92691
Janette	Wilfredo	Pittman	Thatcher Drive	Pompano Beach	FL	33063
Latonya	Bart	Randall	Carson St.	Florence	KY	41042
Candy	Jarrod	Skinner	Pheasant Ave.	Pompano Beach	FL	33065
Morgan	Vance	Wilkinson	Andover Street	Chicago	IL	60643
Consuelo	Denis	Kirby	Westminster Drive	Boise	ID	83709
Tamika	Damien	Cameron	Garden Street	Weslaco	TX	78596
Rosetta	Joaquin	Bridges	Halifax St.	Las Vegas	NV	89115
Debora	Harlan	Anthony	Acacia Lane	Smyrna	TN	37167
Cherie	Desmond	Richard	Fordham Ave.	Poway	CA	92064
Polly	Elliot	Kirk	Buttonwood Dr.	Garden Grove	CA	92840
Dina	Darwin	Bruce	Heritage St.	Midlothian	VA	23112
Jewell	Ashley	Singleton	Bellevue Road	Washington	PA	15301
Fay	Gregorio	Mathis	South Highland St.	Lakewood	OH	44107
Jillian	Buddy	Bradford	Mayfield Drive	Friendswood	TX	77546
Dorothea	Xavier	Boone	Alton Street	Simpsonville	SC	29681
Nell	Kermit	Abbott	Morris Street	Middletown	OH	45044
Trudy	Roscoe	Charles	Bedford Drive	Kailua	HI	96734
Esperanza	Esteban	Allison	Front St.	Glendale	AZ	85301
Patrica	Anton	Sweeney	Arch Dr.	Florissant	MO	63031
Kimberley	Solomon	Atkinson	Wilson Ave.	Middleburg	FL	32068
Shanna	Scotty	Horn	Newbridge St.	Miami	FL	33161
Helena	Norbert	Jefferson	Lexington Dr.	Livermore	CA	94550
Carolina	Elvin	Rosales	Creek St.	Houston	TX	77072
Cleo	Williams	York	N. Lantern Rd.	Honolulu	HI	96818
Stefanie	Nolan	Christian	Miller St.	Hempstead	NY	11550
Rosario	Carey	Phelps	Maple Court	Baltimore	MD	21215
Ola	Rod	Farrell	N. Purple Finch Ave.	Franklin	TN	37064
Janine	Quinton	Castaneda	Henry Smith Court	Bloomfield	NJ	7003
Mollie	Hal	Nash	Euclid Ave.	San Ramon	CA	94583
Lupe	Brain	Dickerson	Oklahoma Street	Elgin	IL	60123
Alisa	Rob	Bond	Smith Store Ave.	Albuquerque	NM	87105
Lou	Elwood	Wyatt	East Orchard Lane	Salt Lake City	UT	84119
Maribel	Kendrick	Foley	Union Ave.	Houston	TX	77036
Susanne	Darius	Chase	Gonzales Street	Lithonia	GA	30058
Bette	Moises	Gates	Whitemarsh Court	Madison	WI	53711
Susana	Son	Vincent	W. Jackson St.	Wallingford	CT	6492
Elise	Marlin	Mathews	Lakewood Dr.	Lancaster	PA	17602
Cecile	Fidel	Hodge	E. Cambridge Ave.	Ormond Beach	FL	32174
Isabelle	Thaddeus	Garrison	Ashley Ave.	North Hollywood	CA	91605
Lesley	Cliff	Trevino	Wood Rd.	Edison	NJ	8817
Jocelyn	Marcel	Villarreal	Glen Ridge Rd.	Palmdale	CA	93551
Paige	Ali	Heath	Constitution St.	Murfreesboro	TN	37129
Joni	Jackson	Dalton	Fordham Court	Stone Mountain	GA	30083
Rachelle	Raphael	Valencia	Third St.	Mount Juliet	TN	37122
Leola	Bryon	Callahan	E. Harvard Drive	Elmhurst	IL	60126
Daphne	Armand	Hensley	E. Myrtle St.	El Cajon	CA	92020
Alta	Alvaro	Atkins	NE. Newbridge Avenue	Ventura	CA	93003
Ester	Jeffry	Huffman	Cleveland St.	South Jordan	UT	84095
Petra	Dane	Roy	N. Green Hill St.	Fullerton	CA	92833
Graciela	Joesph	Boyer	Gregory Ave.	Saint Charles	MO	63303
Imogene	Thurman	Shields	Cambridge Ave.	Taunton	MA	2780
Jolene	Ned	Lin	Maple Lane	Englishtown	NJ	7726
Keisha	Sammie	Hancock	Ashley Dr.	Fort Collins	CO	80525
Lacey	Rusty	Grimes	S. Valley Farms Street	Charlotte	NC	28227
Glenna	Michel	Glenn	Colonial Drive	Frankfort	KY	40601
Gabriela	Monty	Cline	Grandrose Circle	Salt Lake City	UT	84120
Keri	Rory	Delacruz	Talbot St.	Hickory	NC	28601
Ursula	Fabian	Camacho	Wentworth Rd.	Mcdonough	GA	30253
Lizzie	Reggie	Dillon	W. Creek Ave.	Bronx	NY	10460
Kirsten	Mason	Parrish	West St.	Lindenhurst	NY	11757
Shana	Graham	Oneill	Bellevue Ave.	Buffalo Grove	IL	60089
Adeline	Kris	Melton	Saxton Lane	Scottsdale	AZ	85254
Mayra	Isaiah	Booth	New Street	Jackson	TN	38305
Jayne	Vaughn	Kane	Mountainview St.	Yucaipa	CA	92399
Jaclyn	Gus	Berg	Kingston St.	Kenner	LA	70065
Gracie	Avery	Harrell	John Drive	Aliso Viejo	CA	92656
Sondra	Loyd	Pitts	Bayberry Drive	Escondido	CA	92027
Carmela	Diego	Savage	Franklin Drive	Joliet	IL	60435
Marisa	Alexis	Wiggins	South St.	Yorba Linda	CA	92886
Rosalind	Adolph	Brennan	Fairview Drive	Philadelphia	PA	19149
Charity	Norris	Salas	Cedar Swamp Street	Littleton	CO	80127
Tonia	Millard	Marks	West Mulberry Street	The Colony	TX	75056
Beatriz	Rocco	Russo	Middle River St.	Lexington	SC	29072
Marisol	Gonzalo	Sawyer	Fairview Court	Summerville	SC	29485
Clarice	Derick	Baxter	New Rd.	Westland	MI	48185
Jeanine	Rodrigo	Golden	Old Hamilton Avenue	Seattle	WA	98115
Sheena	Gerry	Hutchinson	Sheffield Dr.	Marion	OH	43302
Angeline	Stacey	Liu	Lakeshore Road	Wylie	TX	75098
Frieda	Carmen	Walter	Cedar Street	San Jose	CA	95124
Lily	Wiley	Mcdowell	Jefferson Street	Columbia	SC	29223
Robbie	Rigoberto	Wiley	Morris Dr.	Las Vegas	NV	89129
Shauna	Alphonso	Rich	Amerige Court	Spokane	WA	99208
Millie	Ty	Humphrey	South Dunbar Ave.	Jersey City	NJ	7306
Claudette	Shelby	Johns	Hudson Dr.	Silver Spring	MD	20902
Cathleen	Rickie	Koch	Virginia Rd.	West Orange	NJ	7052
Angelia	Noe	Suarez	Cobblestone St.	Catonsville	MD	21228
Gabrielle	Vern	Hobbs	Vernon St.	Spring Valley	NY	10977
Autumn	Bobbie	Beard	Golden Star Circle	Anoka	MN	55303
Katharine	Reed	Gilmore	Sussex Drive	Monroe	NC	28110
Summer	Jefferson	Ibarra	South Valley Farms Dr.	Columbus	OH	43228
Jodie	Elvis	Keith	Newport Drive	Pottstown	PA	19464
Staci	Bernardo	Macias	Smoky Hollow Court	Allentown	PA	18103
Lea	Mauricio	Khan	Durham Ave.	Jamaica	NY	11435
Christi	Hiram	Andrade	Stillwater Lane	Rock Hill	SC	29730
Jimmie	Donovan	Ware	Old Wintergreen Rd.	Carrollton	TX	75006
Justine	Basil	Stephenson	South Fieldstone Street	Revere	MA	2151
Elma	Riley	Henson	Court Road	Dallas	TX	75227
Luella	Ollie	Wilkerson	Garden Court	Moline	IL	61265
Margret	Nickolas	Dyer	Mayflower Drive	Federal Way	WA	98023
Dominique	Maynard	Mcclure	Chestnut St.	Plano	TX	75023
Socorro	Scot	Blackwell	Grove Ave.	Houston	TX	77015
Rene	Vince	Mercado	Studebaker Court	Lake Zurich	IL	60047
Martina	Quincy	Tanner	San Pablo Street	Honolulu	HI	96819
Margo	Eddy	Eaton	Whitemarsh Dr.	Fort Worth	TX	76133
Mavis	Sebastian	Clay	Longbranch St.	Baltimore	MD	21206
Callie	Federico	Barron	Paris Hill Drive	New York	NY	10011
Bobbi	Ulysses	Beasley	South Holly Lane	San Francisco	CA	94109
Maritza	Heriberto	Oneal	Woodland Ave.	Phoenix	AZ	85041
Lucile	Donnell	Small	Cambridge St.	Lincoln	CA	95648
Leanne	Cole	Preston	North Rockledge Court	Richmond	TX	77469
Jeannine	Denny	Wu	W. Richardson Rd.	Fenton	MO	63026
Deana	Davis	Zamora	Newcastle Street	Massillon	OH	44646
Aileen	Gavin	Macdonald	Devonshire St.	Martinez	CA	94553
Lorie	Emery	Vance	Green Hill Rd.	Henderson	NV	89052
Ladonna	Ward	Snow	Jones Rd.	Billings	MT	59102
Willa	Romeo	Mcclain	S. Brookside Street	Saint Paul	MN	55125
Manuela	Jayson	Stafford	Green St.	Paramount	CA	90723
Gale	Dion	Orozco	E. Cross Street	Dalton	GA	30721
Selma	Dante	Barry	Boston Road	Atlanta	GA	30331
Dolly	Clement	English	S. Amerige Street	Pompano Beach	FL	33068
Sybil	Coy	Shannon	South John St.	Cincinnati	OH	45238
Abby	Odell	Kline	W. Lincoln Ave.	Delaware	OH	43015
Lara	Maxwell	Jacobson	Argyle Dr.	Roseville	MI	48066
Dale	Jarvis	Woodard	South Roberts Road	Henderson	NV	89074
Ivy	Bruno	Huang	Forest St.	Virginia Beach	VA	23455
Dee	Issac	Kemp	Walnut Street	Pompano Beach	FL	33064
Winnie	Mary	Mosley	Pawnee Street	Levittown	NY	11756
Marcy	Dudley	Prince	E. Evergreen Drive	Littleton	CO	80123
Luisa	Brock	Merritt	Meadowbrook Rd.	Grapevine	TX	76051
Jeri	Sanford	Hurst	High Point St.	Mount Laurel	NJ	8054
Magdalena	Colby	Villanueva	Forest Street	Fort Worth	TX	76179
Ofelia	Carmelo	Roach	Gartner St.	Jacksonville	NC	28540
Meagan	Barney	Nolan	Morris Street	Burke	VA	22015
Audra	Nestor	Lam	West Fremont St.	Olive Branch	MS	38654
Matilda	Hollis	Yoder	St Louis St.	Arlington	VA	22204
Leila	Stefan	Mccullough	Helen Road	Covington	GA	30016
Cornelia	Donny	Lester	East Highland St.	Ontario	CA	91764
Bianca	Art	Santana	Honey Creek Dr.	Westbury	NY	11590
Simone	Linwood	Valenzuela	Third St.	North Tonawanda	NY	14120
Bettye	Beau	Winters	Trenton Court	Princeton	NJ	8540
Randi	Weldon	Barrera	West Euclid Ave.	Houston	TX	77089
Virgie	Galen	Orr	South St Margarets Lane	Burnsville	MN	55337
Latisha	Isidro	Leach	Manhattan Ave.	Jacksonville	FL	32246
Barbra	Truman	Berger	Highland St.	Las Vegas	NV	89147
Georgina	Delmar	Mckee	Ashley St.	Carol Stream	IL	60188
Eliza	Johnathon	Strong	Devonshire Street	Concord	NC	28025
Leann	Silas	Conway	Liberty Ave.	Brunswick	OH	44212
Bridgette	Frederic	Stein	Brickyard St.	Hialeah	FL	33018
Rhoda	Dick	Whitehead	Canal Court	Raleigh	NC	27613
Haley	Kirby	Bullock	Ramblewood Ave.	Beloit	WI	53511
Adela	Irwin	Escobar	Summerhouse Lane	Sioux Falls	SD	57106
Nola	Cruz	Knox	Whitemarsh Avenue	San Antonio	TX	78240
Bernadine	Merlin	Meadows	Pin Oak Avenue	Tracy	CA	95376
Flossie	Merrill	Solomon	St Margarets Dr.	Kennesaw	GA	30144
Ila	Charley	Velez	Shipley St.	Springfield	MO	65807
Greta	Marcelino	Odonnell	West Locust St.	Gilbert	AZ	85234
Ruthie	Lane	Kerr	Wrangler Road	Sanford	FL	32771
Nelda	Harris	Stout	South Chapel St.	Fort Lauderdale	FL	33312
Minerva	Cleo	Blankenship	E. Water Ave.	Cypress	TX	77433
Lilly	Carlo	Browning	W. Leeton Ridge Street	Frisco	TX	75035
Terrie	Trenton	Kent	Poplar St.	New York	NY	10027
Letha	Kurtis	Lozano	Elmwood St.	Newbury Park	CA	91320
Hilary	Hunter	Bartlett	South Sherwood Road	Wichita	KS	67212
Estela	Aurelio	Pruitt	Middle River Lane	Twin Falls	ID	83301
Valarie	Winfred	Buck	Roehampton Lane	Bartlett	IL	60103
Brianna	Vito	Barr	Del Monte St.	Saint Charles	MO	63301
Rosalyn	Collin	Gaines	South Marlborough St.	Naperville	IL	60565
Earline	Denver	Durham	Kingston Drive	Victorville	CA	92392
Catalina	Carter	Gentry	S. Smith Store Ave.	Memphis	TN	38109
Ava	Leonel	Mcintyre	North Glen Ridge St.	La Mirada	CA	90638
Mia	Emory	Sloan	N. Clinton Dr.	Wilmington	CA	90744
Clarissa	Pasquale	Rocha	South Ashley Drive	Los Angeles	CA	90037
Lidia	Mohammad	Melendez	W. St Paul Road	Richmond	KY	40475
Corrine	Mariano	Herman	Hillcrest St.	Eugene	OR	97402
Alexandria	Danial	Sexton	Santa Clara Dr.	Marysville	WA	98270
Concepcion	Blair	Moon	Gates Road	Durham	NC	27713
Tia	Landon	Hendricks	Spruce Dr.	Marietta	GA	30064
Sharron	Dirk	Rangel	Oak Street	New Albany	IN	47150
Rae	Branden	Stark	Wellington St.	Fairfield	OH	45014
Dona	Adan	Lowery	Oak Meadow St.	Huntington	NY	11743
Ericka	Numbers	Hardin	Walt Whitman Drive	Seattle	WA	98103
Jami	Clair	Hull	Jockey Hollow Rd.	Holland	MI	49424
Elnora	Buford	Sellers	Center St.	Suffolk	VA	23434
Chandra	German	Ellison	East Miles St.	Houston	TX	77088
Lenore	Bernie	Calhoun	Rockland Lane	North Las Vegas	NV	89030
Neva	Wilmer	Gillespie	Southampton Dr.	San Antonio	TX	78251
Marylou	Joan	Mora	Wild Rose Street	San Francisco	CA	94116
Melisa	Emerson	Knapp	East Rockville Rd.	Kent	WA	98042
Tabatha	Zachery	Mccall	Water Street	Riverside	CA	92504
Serena	Fletcher	Morse	Greystone St.	Sunnyvale	CA	94086
Avis	Jacques	Dorsey	Liberty Court	High Point	NC	27265
Allie	Errol	Weeks	Thatcher Street	Egg Harbor Township	NJ	8234
Sofia	Dalton	Nielsen	Wakehurst Drive	Newark	DE	19711
Jeanie	Monroe	Livingston	Trusel Dr.	Fairport	NY	14450
Odessa	Josue	Leblanc	Hanover Drive	Madison	WI	53704
Nannie	Dominique	Mclean	Green Street	Norristown	PA	19403
Harriett	Edwardo	Bradshaw	Johnson Ave.	San Ysidro	CA	92173
Loraine	Booker	Glass	Washington St.	Hialeah	FL	33016
Penelope	Wilford	Middleton	Lawrence Street	San Jose	CA	95148
Milagros	Sonny	Buckley	S. New Street	Naperville	IL	60540
Emilia	Shelton	Schaefer	Glen Creek St.	Northbrook	IL	60062
Benita	Carson	Frost	Studebaker Street	Arlington	TX	76017
Allyson	Theron	Howe	Henry Smith Street	Irving	TX	75061
Ashlee	Raymundo	House	Bellevue Street	Montgomery	AL	36117
Tania	Daren	Mcintosh	N. Cedar Swamp Rd.	Rowland Heights	CA	91748
Tommie	Tristan	Ho	North Halifax Street	Dallas	TX	75287
Esmeralda	Houston	Pennington	Prospect Street	San Leandro	CA	94577
Karina	Robby	Reilly	Plumb Branch Ave.	Lititz	PA	17543
Eve	Lincoln	Hebert	Somerset St.	Flower Mound	TX	75028
Pearlie	Jame	Mcfarland	Wagon Lane	Costa Mesa	CA	92626
Zelma	Genaro	Hickman	Maple Ave.	Walnut	CA	91789
Malinda	Gale	Noble	Fawn St.	Clifton Park	NY	12065
Noreen	Bennett	Spears	Woodsman St.	Clementon	NJ	8021
Tameka	Octavio	Conrad	Philmont St.	Denham Springs	LA	70726
Saundra	Cornell	Arias	Essex Ave.	Warminster	PA	18974
Hillary	Laverne	Galvan	Howard Ave.	Pleasanton	CA	94566
Amie	Hung	Velazquez	W. Lakewood Avenue	Brooklyn	NY	11201
Althea	Arron	Huynh	Warren Street	Denver	CO	80229
Rosalinda	Antony	Frederick	Glenlake St.	Brick	NJ	8724
Jordan	Herschel	Randolph	Elm Street	Pittsburgh	PA	15237
Lilia	Alva	Cantu	S. Selby Street	Hoboken	NJ	7030
Alana	Giovanni	Fitzpatrick	SE. Buttonwood Street	The Villages	FL	32162
Gay	Garth	Mahoney	Westminster Street	Escondido	CA	92026
Clare	Cyrus	Peck	Mulberry Street	Desoto	TX	75115
Alejandra	Cyril	Villa	Bank St.	Neenah	WI	54956
Elinor	Ronny	Michael	Johnson St.	Raleigh	NC	27615
Michael	Stevie	Donovan	Briarwood Rd.	Hillsboro	OR	97124
Lorrie	Lon	Mcconnell	E. Thatcher Avenue	Canton	GA	30114
Jerri	Freeman	Walls	Pilgrim St.	Elizabethtown	KY	42701
Darcy	Erin	Boyle	Grant Street	Smyrna	GA	30080
Earnestine	Duncan	Mayer	Main St.	Hilo	HI	96720
Carmella	Kennith	Zuniga	San Pablo Avenue	Van Nuys	CA	91406
Taylor	Carmine	Giles	Forest Drive	Fort Lauderdale	FL	33321
Noemi	Augustine	Pineda	Vermont Street	Canoga Park	CA	91304
Marcie	Young	Pace	East Garfield Drive	Rockville	MD	20850
Liza	Erich	Hurley	Bridgeton St.	Brooklyn	NY	11238
Annabelle	Chadwick	Mays	Windfall Road	Jupiter	FL	33458
Louisa	Wilburn	Mcmillan	Summit Drive	Ithaca	NY	14850
Earlene	Russ	Crosby	Brickyard Dr.	Leesburg	VA	20176
Mallory	Reid	Ayers	Woodsman St.	San Bernardino	CA	92407
Carlene	Myles	Case	NW. Brook St.	Hollywood	FL	33029
Nita	Anderson	Bentley	Park Street	Hamburg	NY	14075
Selena	Morton	Shepard	Oakwood Court	San Bernardino	CA	92404
Tanisha	Jonas	Everett	East Jackson Court	Lawton	OK	73505
Katy	Forest	Pugh	Roosevelt Ave.	Portland	OR	97223
Julianne	Mitchel	David	N. Cherry Hill Ave.	Chesterfield	MO	63017
John	Mervin	Mcmahon	Bayport Lane	Daly City	CA	94014
Lakisha	Zane	Dunlap	E. Albany Street	Columbus	OH	43229
Edwina	Rich	Bender	Bald Hill Dr.	Huntington Beach	CA	92648
Maricela	Jamel	Hahn	Country Dr.	Chicago	IL	60613
Margery	Lazaro	Harding	Jefferson St.	Upland	CA	91786
Kenya	Alphonse	Acevedo	Morris Lane	New Hyde Park	NY	11040
Dollie	Randell	Raymond	Laurel Drive	Plainfield	IL	60586
Roxie	Major	Blackburn	Evergreen Street	Washington	DC	20019
Roslyn	Johnie	Duffy	Leatherwood St.	Colorado Springs	CO	80918
Kathrine	Jarrett	Landry	E. Holly St.	Longview	WA	98632
Nanette	Brooks	Dougherty	County Dr.	Savannah	GA	31419
Charmaine	Ariel	Bautista	Fordham Dr.	Allentown	PA	18102
Lavonne	Abdul	Shah	South Sage St.	Trenton	MI	48183
Ilene	Dusty	Potts	Bear Hill St.	Carmel	IN	46032
Kris	Luciano	Arroyo	Virginia Street	Buena Park	CA	90620
Tammi	Lindsey	Valentine	Railroad St.	Torrance	CA	90503
Suzette	Tracey	Meza	Lawrence St.	Lompoc	CA	93436
Corine	Seymour	Gould	SW. Linden St.	Denver	CO	80233
Kaye	Scottie	Vaughan	Ashley St.	Middletown	NY	10940
Jerry	Eugenio	Fry	East Trusel St.	Gwynn Oak	MD	21207
Merle	Mohammed	Rush	Kirkland Dr.	Jeffersonville	IN	47130
Chrystal	Sandy	Avery	W. Hartford Rd.	Endicott	NY	13760
Lina	Valentin	Herring	West Bedford Street	Loveland	CO	80538
Deanne	Chance	Dodson	Mill Pond St.	Fresno	CA	93720
Lilian	Arnulfo	Clements	Stillwater St.	Chattanooga	TN	37421
Juliana	Lucien	Sampson	Winding Way Lane	Hollywood	FL	33021
Aline	Ferdinand	Tapia	Beaver Ridge Ave.	Appleton	WI	54915
Luann	Thad	Bean	Central Lane	Rancho Santa Margarita	CA	92688
Kasey	Ezra	Lynn	Vernon St.	New York	NY	10003
Maryanne	Sydney	Crane	Swanson Dr.	New York	NY	10028
Evangeline	Aldo	Farley	Studebaker St.	Southampton	PA	18966
Colette	Rubin	Cisneros	Ridge Court	Saint Charles	MO	63304
Melva	Royal	Benton	Albany Street	Miami	FL	33193
Lawanda	Mitch	Ashley	North Lawrence Court	Fond Du Lac	WI	54935
Yesenia	Earle	Mckay	Bishop Lane	Plymouth	MI	48170
Nadia	Abe	Finley	Pheasant Street	Mount Pleasant	SC	29464
Madge	Wyatt	Best	Euclid Drive	Saint Paul	MN	55106
Kathie	Marquis	Blevins	East Shub Farm Street	Las Vegas	NV	89103
Eddie	Lanny	Friedman	Wellington Ave.	Bonney Lake	WA	98391
Ophelia	Kareem	Moses	Birch Hill Ave.	Houston	TX	77064
Valeria	Jamar	Sosa	Heritage Ave.	Kalispell	MT	59901
Nona	Boris	Blanchard	S. Jennings Drive	Saint Louis	MO	63136
Mitzi	Isiah	Huber	Gregory Ave.	Baytown	TX	77521
Mari	Emile	Frye	Union St.	Visalia	CA	93277
Georgette	Elmo	Krueger	Vine Street	Moreno Valley	CA	92557
Claudine	Aron	Bernard	Wintergreen Street	Houston	TX	77082
Fran	Leopoldo	Rosario	Brickyard Street	San Antonio	TX	78223
Alissa	Everette	Rubio	Westminster Drive	La Porte	IN	46350
Roseann	Josef	Mullen	La Sierra St.	Renton	WA	98058
Lakeisha	Gail	Benjamin	New Saddle Lane	Columbia	SC	29229
Susanna	Eloy	Haley	NW. St Louis Dr.	Tinley Park	IL	60477
Reva	Dorian	Chung	Andover Court	Fargo	ND	58103
Deidre	Rodrick	Moyer	High Point St.	Los Angeles	CA	90047
Chasity	Reinaldo	Choi	Edgemont Lane	Miami	FL	33147
Sheree	Lucio	Horne	Marlborough Court	Washington	DC	20002
Carly	Jerrod	Yu	Military St.	Miami	FL	33126
James	Weston	Woodward	Briarwood Ave.	Clovis	CA	93611
Elvia	Hershel	Ali	Pearl Ave.	Miami	FL	33142
Alyce	Barton	Nixon	Lafayette Drive	San Diego	CA	92115
Deirdre	Parker	Hayden	East Bay Street	Morganton	NC	28655
Gena	Lemuel	Rivers	Young Street	Los Angeles	CA	90001
Briana	Lavern	Estes	Myrtle Ave.	Glenview	IL	60025
Araceli	Burt	Mccarty	Old Bald Hill Drive	Middletown	CT	6457
Katelyn	Jules	Richmond	Corona Street	Campbell	CA	95008
Rosanne	Gil	Stuart	Amerige Rd.	Attleboro	MA	2703
Wendi	Eliseo	Maynard	W. Orchard Avenue	Scarsdale	NY	10583
Tessa	Ahmad	Brandt	Birch Hill Lane	Houston	TX	77070
Berta	Nigel	Oconnell	Brown Lane	Alexandria	VA	22304
Marva	Efren	Hanna	Gainsway Ave.	Santa Ana	CA	92705
Imelda	Antwan	Sanford	East Golf Street	Madison	AL	35758
Marietta	Alden	Sheppard	E. Newbridge Drive	Opa Locka	FL	33055
Marci	Margarito	Church	Valley Drive	Troy	NY	12180
Leonor	Coleman	Burch	Joy Ridge Court	Buffalo	NY	14224
Arline	Refugio	Levy	Shady Ave.	Orland Park	IL	60462
Sasha	Dino	Rasmussen	Sussex Street	Newport News	VA	23608
Madelyn	Osvaldo	Coffey	Mammoth St.	Palatine	IL	60067
Janna	Les	Ponce	Indian Summer St.	Allentown	PA	18104
Juliette	Deandre	Faulkner	Olive Avenue	Naperville	IL	60564
Deena	Normand	Donaldson	Newbridge Street	Eugene	OR	97405
Aurelia	Kieth	Schmitt	Linden Ave.	Modesto	CA	95350
Josefa	Ivory	Novak	East Wilson St.	Compton	CA	90221
Augusta	Andrea	Costa	Jefferson St.	Pittsfield	MA	1201
Liliana	Trey	Montes	Joy Ridge Lane	Winter Springs	FL	32708
Young	Norberto	Booker	Roberts St.	Hollister	CA	95023
Christian	Napoleon	Cordova	Southampton Lane	Surprise	AZ	85374
Lessie	Jerold	Waller	Wayne St.	Gardena	CA	90247
Amalia	Fritz	Arellano	Lake View St.	Richmond	IN	47374
Savannah	Rosendo	Maddox	King Court	Santa Ana	CA	92701
Anastasia	Milford	Mata	SW. Foster Ave.	Rancho Palos Verdes	CA	90275
Vilma	Sang	Bonilla	Sycamore St.	Portland	OR	97206
Natalia	Deon	Stanton	Marshall Circle	Tulsa	OK	74133
Rosella	Christoper	Compton	Winding Way Drive	Bloomington	IL	61704
Lynnette	Alfonzo	Kaufman	Myers Ave.	Howell	MI	48843
Corina	Lyman	Dudley	Sutor Dr.	Greensboro	NC	27407
Alfreda	Josiah	Mcpherson	Virginia Court	Freeport	NY	11520
Leanna	Brant	Beltran	Division Dr.	Fort Lauderdale	FL	33319
Carey	Wilton	Dickson	W. Strawberry Lane	Poughkeepsie	NY	12603
Amparo	Rico	Mccann	3rd St.	Williamsburg	VA	23185
Coleen	Jamaal	Villegas	Wayne Dr.	Mobile	AL	36695
Tamra	Dewitt	Proctor	Ryan Court	Philadelphia	PA	19134
Aisha	Carol	Hester	Wall Street	Aiea	HI	96701
Wilda	Brenton	Cantrell	Dogwood St.	Danbury	CT	6810
Karyn	Yong	Daugherty	La Sierra St.	Los Angeles	CA	90063
Cherry	Olin	Cherry	Hamilton St.	Edison	NJ	8820
Queen	Foster	Bray	Princess Dr.	Granite City	IL	62040
Maura	Faustino	Davila	Cleveland Lane	Elmont	NY	11003
Mai	Claudio	Rowland	Bowman St.	Saint Paul	MN	55112
Evangelina	Judson	Madden	West Southampton Drive	Phoenix	AZ	85008
Rosanna	Gino	Levine	Magnolia Drive	Fallbrook	CA	92028
Hallie	Edgardo	Spence	Aspen Avenue	Patchogue	NY	11772
Erna	Berry	Good	High Noon Road	Shelton	CT	6484
Enid	Alec	Irwin	Sierra Ave.	Enfield	CT	6082
Mariana	Tanner	Werner	Military St.	Vineland	NJ	8360
Lacy	Jarred	Krause	Market Drive	West Jordan	UT	84084
Juliet	Donn	Petty	Gregory Ave.	Newark	CA	94560
Jacklyn	Trinidad	Whitney	South Hall Lane	Miami	FL	33162
Freida	Tad	Baird	Westminster St.	Pekin	IL	61554
Madeleine	Shirley	Hooper	S. Wood Court	Clinton Township	MI	48038
Mara	Prince	Pollard	Vale Ave.	Upper Marlboro	MD	20774
Hester	Porfirio	Zavala	Marconi Ave.	Harlingen	TX	78550
Cathryn	Odis	Jarvis	Fairground Ave.	Amarillo	TX	79109
Lelia	Maria	Holden	Richardson Street	Winston Salem	NC	27107
Casandra	Lenard	Hendrix	Hilldale Dr.	Hicksville	NY	11801
Bridgett	Chauncey	Haas	East Lafayette Lane	Morgan Hill	CA	95037
Angelita	Chang	Mcgrath	Sunset Street	Bountiful	UT	84010
Jannie	Tod	Bird	North Roberts Avenue	Charlotte	NC	28216
Dionne	Mel	Lucero	Jefferson Lane	Houston	TX	77040
Annmarie	Marcelo	Terrell	Garfield Lane	Centreville	VA	20120
Katina	Kory	Riggs	Rock Creek Street	Sugar Land	TX	77478
Beryl	Augustus	Joyce	Arlington Ave.	Schaumburg	IL	60193
Phoebe	Keven	Rollins	Green Hill Ave.	Bronx	NY	10461
Millicent	Hilario	Mercer	Sunnyslope Avenue	Miami	FL	33155
Katheryn	Bud	Galloway	Greenview Rd.	Jonesboro	GA	30236
Diann	Sal	Duke	NW. William Road	Tonawanda	NY	14150
Carissa	Rosario	Odom	SE. Franklin Avenue	Jonesboro	AR	72401
Maryellen	Orval	Andersen	Beechwood Dr.	Sheboygan	WI	53081
Liz	Mauro	Downs	Strawberry Court	Birmingham	AL	35215
Lauri	Dannie	Hatfield	Rocky River Street	Far Rockaway	NY	11691
Helga	Zachariah	Benitez	North Mayfield Dr.	College Station	TX	77845
Gilda	Olen	Archer	Tarkiln Hill Lane	Florissant	MO	63033
Adrian	Anibal	Huerta	Mayflower Drive	Tampa	FL	33614
Rhea	Milo	Travis	Evergreen Drive	San Jose	CA	95116
Marquita	Jed	Mcneil	N. Corona Ave.	Castro Valley	CA	94546
Hollie	Frances	Hinton	Charles Dr.	Irving	TX	75060
Tisha	Thanh	Zhang	Forest Ave.	Medford	OR	97504
Tamera	Dillon	Hays	Dunbar Street	Phoenix	AZ	85033
Angelique	Amado	Mayo	Elizabeth Dr.	Hillsboro	OR	97123
Francesca	Newton	Fritz	Devonshire St.	La Mesa	CA	91941
Britney	Connie	Branch	S. Glen Ridge St.	Bowling Green	KY	42101
Kaitlin	Lenny	Mooney	West Brickyard Road	Holland	MI	49423
Lolita	Tory	Ewing	Fairfield Drive	Newark	NJ	7104
Florine	Richie	Ritter	Cardinal Lane	San Marcos	TX	78666
Rowena	Lupe	Esparza	Selby St.	Spanaway	WA	98387
Reyna	Horacio	Frey	William Street	Washington	DC	20009
Twila	Brice	Braun	S. Magnolia Street	Seattle	WA	98118
Fanny	Mohamed	Gay	Middle River Street	Rego Park	NY	11374
Janell	Delmer	Riddle	Summer Ave.	Waxhaw	NC	28173
Ines	Dario	Haney	Bridge Drive	Burlingame	CA	94010
Concetta	Reyes	Kaiser	Ashley St.	South Richmond Hill	NY	11419
Bertie	Dee	Holder	Shirley St.	Sterling Heights	MI	48310
Alba	Mac	Chaney	St Margarets Rd.	Laredo	TX	78041
Brigitte	Jonah	Mcknight	Hartford St.	Linden	NJ	7036
Alyson	Jerrold	Gamble	North Carriage Street	Cary	NC	27513
Vonda	Robt	Vang	Leeton Ridge Dr.	San Bruno	CA	94066
Pansy	Hank	Cooley	Edgewood Ave.	Elmwood Park	IL	60707
Elba	Sung	Carney	Bellevue St.	Arlington	TX	76010
Noelle	Rupert	Cowan	Wild Horse Dr.	Wooster	OH	44691
Letitia	Rolland	Forbes	High Street	O Fallon	MO	63368
Kitty	Kenton	Ferrell	Oakland Circle	Louisville	KY	40214
Deann	Damion	Davies	Ann St.	Livonia	MI	48154
Brandie	Chi	Barajas	Green Street	El Paso	TX	79938
Louella	Antone	Shea	Walt Whitman Ave.	San Jose	CA	95136
Leta	Waldo	Osborn	West Warren Ave.	Tucson	AZ	85705
Felecia	Fredric	Bright	South Sleepy Hollow Rd.	Riverside	CA	92506
Sharlene	Bradly	Cuevas	E. 6th Ave.	Sun Valley	CA	91352
Lesa	Quinn	Bolton	Wintergreen Lane	Albuquerque	NM	87112
Beverley	Kip	Murillo	North North St.	Deltona	FL	32725
Robert	Burl	Lutz	Fairfield Ave.	Thousand Oaks	CA	91360
Isabella	Walker	Duarte	Plumb Branch Drive	Howell	NJ	7731
Herminia	Tyree	Kidd	Swanson Road	Apopka	FL	32703
Terra	Jefferey	Key	Campfire Rd.	Dallas	TX	75216
Celina	Ahmed	Cooke	Whitemarsh Circle	Dallas	TX	75216